Data for December 1, 2018 through March 31, 2019,,,,,,,,,,,,,,
,,,,,,,,,,,,,,,,
Name, StationType, Longitude, Latitude, Elevation, MeanAvgTemperature, mcnt, NumberofDaysMaxTemperature>=82.4, mcnt, PercentofDaysMaxTemperature>=82.4, mcnt, TotalPrecipitation, mcnt, TotalSnowfall, mcnt, MeanSnowDepth, mcnt
PELICAN, COOP, -136.221, 57.958, 12, 33.5, 0, 0, 0, 0, 0, 40.52, 0, 48.1, 0, 2.3, 0
SNETTISHAM POWER PLANT, COOP, -133.738, 58.142, 29, 29.0, 0, 0, 0, 0, 0, 44.16, 0, 125.3, 0, 26.6, 0
HOONAH, COOP, -135.428, 58.107, 130, 33.0, 2, 0, 2, 0, 2, 16.73, 0, 36.1, 1, 2.1, 1
KITOI BAY, COOP, -152.372, 58.191, 60, 34.7, 0, 0, 0, 0, 0, 21.48, 0, 2.1, 0, 0.0, 0
ELFIN COVE, WBAN, -136.344, 58.192, 20, 40.3, 88, 0, 88, 0, 88, 9.74, 88, 4.2, 88, 0.2, 88
ANNEX CREEK, WBAN, -134.100, 58.318, 92, 28.7, 1, 0, 1, 0, 1, 27.67, 0, 93.8, 26, 20.0, 25
JUNEAU AIRPORT, WBAN, -134.564, 58.357, 16, 31.4, 0, 0, 0, 0, 0, 17.52, 0, 47.3, 1, 3.0, 1
AUKE BAY, COOP, -134.645, 58.381, 44, 31.4, 1, 0, 1, 0, 1, 13.82, 0, 53.3, 0, 3.9, 0
GLACIER BAY, COOP, -135.869, 58.456, 45, 31.2, 31, 0, 31, 0, 31, 14.12, 32, 22.7, 31, 3.2, 31
YAKUTAT AIRPORT, WBAN, -139.671, 59.512, 33, 32.8, 1, 0, 1, 0, 1, 35.39, 0, M, 121, M, 121
HOMER AIRPORT, WBAN, -151.491, 59.642, 64, 31.7, 0, 0, 0, 0, 0, 10.19, 0, M, 121, M, 121
HOMER 8 NW, COOP, -151.635, 59.744, 1080, 28.8, 0, 0, 0, 0, 0, 10.92, 0, 65.5, 0, 15.9, 0
ILIAMNA AIRPORT, WBAN, -154.909, 59.749, 143, 27.9, 0, 0, 0, 0, 0, 6.84, 4, M, 121, M, 121
SEWARD AIRPORT, WBAN, -149.417, 60.128, 22, 32.0, 0, 0, 0, 0, 0, 24.87, 3, M, 121, M, 121
PORT ALSWORTH, WBAN, -154.316, 60.204, 260, 28.4, 62, 0, 62, 0, 62, 3.11, 59, 23.0, 62, 4.3, 62
MOOSE PASS 3NW, COOP, -149.426, 60.503, 492, 22.4, 22, 0, 22, 0, 22, 27.86, 1, 42.3, 0, 7.0, 0
CORDOVA AIRPORT, WBAN, -145.451, 60.489, 31, 32.0, 0, 0, 0, 0, 0, 24.67, 0, 21.7, 87, 3.9, 87
CORDOVA NORTH, COOP, -145.753, 60.556, 25, 35.3, 50, 0, 50, 0, 50, 49.90, 42, 12.1, 82, 0.0, 94
KENAI AIRPORT, WBAN, -151.239, 60.580, 91, 23.9, 0, 0, 0, 0, 0, 3.54, 4, M, 121, M, 121
PORTAGE GLACIER VISITOR CENTER, WBAN, -148.839, 60.785, 103, 28.5, 1, 0, 1, 0, 1, 58.36, 0, M, 121, M, 121
BETHEL AIRPORT, WBAN, -161.829, 60.785, 102, 20.5, 0, 0, 0, 0, 0, 4.45, 0, 0.0, 102, 0.0, 118
ALYESKA, COOP, -149.111, 60.958, 272, 28.6, 0, 0, 0, 0, 0, 33.89, 0, 105.3, 0, 16.9, 0
CANNERY CREEK, COOP, -147.515, 61.018, 85, 28.0, 0, 0, 0, 0, 0, 44.40, 0, 5.7, 11, 23.1, 20
ANCHORAGE TED STEVENS INTERNATIONAL AIRPORT, WBAN, -150.028, 61.169, 120, 25.7, 0, 0, 0, 0, 0, 4.15, 0, 50.7, 0, 12.2, 0
EAGLE RIVER NATURE CENTER, COOP, -149.271, 61.234, 520, 24.9, 21, 0, 15, 0, 15, 6.55, 0, 44.5, 13, 8.0, 6
ANCHORAGE MERRILL FIELD, WBAN, -149.855, 61.217, 138, 23.4, 1, 0, 1, 0, 1, 3.10, 0, M, 121, M, 121
BEN'S FARM, COOP, -149.154, 61.563, 127, 21.5, 10, 0, 8, 0, 8, M, 121, M, 121, M, 121
MATANUSKA EXPERIMENTAL FARM, WBAN, -149.254, 61.566, 172, 22.1, 0, 0, 0, 0, 0, 2.34, 0, 26.0, 4, 3.0, 0
PALMER JOB CORPS, COOP, -149.099, 61.589, 216, 27.5, 76, 0, 76, 0, 76, 6.00, 84, 5.5, 75, 0.9, 75
PALMER AIRPORT, WBAN, -149.092, 61.596, 230, 23.2, 0, 0, 0, 0, 0, 2.54, 0, M, 121, M, 121
LITTLE SU AT HATCHER PASS BRIDGE, COOP, -149.232, 61.710, 902, 23.3, 15, 0, 15, 0, 15, 53.55, 15, M, 121, M, 121
GENNALLEN KCAM, COOP, -145.533, 62.109, 1383, 6.7, 0, 0, 0, 0, 0, 1.06, 0, 15.9, 5, 10.0, 0
PUNTILLA, WBAN, -152.735, 62.091, 1858, 16.1, 10, 0, 8, 0, 8, 5.39, 2, 61.4, 2, 19.9, 4
GULKANA AIRPORT, WBAN, -145.459, 62.159, 1562, 8.5, 0, 0, 0, 0, 0, 1.44, 0, M, 121, M, 121
TALKEETNA AIRPORT, WBAN, -150.095, 62.320, 350, 20.7, 0, 0, 0, 0, 0, 5.51, 1, M, 121, M, 121
CHULITNA RIVER, COOP, -149.906, 62.826, 1354, 16.3, 17, 0, 17, 0, 17, 9.00, 5, 128.3, 16, 41.5, 16
NORTHWAY AIRPORT, WBAN, -141.988, 62.962, 1713, -0.3, 0, 0, 0, 0, 0, 0.00, 0, 10.1, 0, 9.9, 0
MCGRATH AP, WBAN, -155.610, 62.957, 333, 8.6, 0, 0, 0, 0, 0, 5.68, 0, 74.7, 0, 25.6, 0
BIG DELTA AIRPORT, WBAN, -145.721, 63.994, 1277, 12.5, 0, 0, 0, 0, 0, 0.31, 1, M, 121, M, 121
CHICKEN, COOP, -141.921, 64.092, 1800, -6.9, 0, 0, 0, 0, 0, 0.80, 0, 8.0, 0, 15.8, 0
KALTAG AP, WBAN, -158.742, 64.327, 181, 10.2, 3, 0, 3, 0, 3, 1.02, 67, M, 121, M, 121
NOME AIRPORT, WBAN, -165.440, 64.511, 13, 14.1, 0, 0, 0, 0, 0, 6.45, 0, 87.8, 0, 34.0, 0
NENANA MUN AP, COOP, -149.096, 64.546, 358, 9.6, 0, 0, 0, 0, 0, 1.82, 1, M, 121, M, 121
EAGLE, WBAN, -141.204, 64.786, 850, 6.2, 0, 0, 0, 0, 0, 1.61, 0, 17.0, 1, 13.8, 2
NORTH POLE, COOP, -147.325, 64.758, 475, 7.2, 0, 0, 0, 0, 0, 1.20, 0, 22.6, 0, 9.6, 0
FAIRBANKS INTL AP, WBAN, -147.876, 64.804, 432, 6.6, 0, 0, 0, 0, 0, 2.31, 0, 37.9, 0, 14.5, 0
UNIVERSITY EXPERIMENTAL STATION, WBAN, -147.861, 64.857, 475, 9.7, 0, 0, 0, 0, 0, 2.34, 0, 38.7, 0, 14.8, 0
COLLEGE OBSERVATORY, WBAN, -147.848, 64.860, 597, 9.6, 0, 0, 0, 0, 0, 2.42, 0, 37.5, 0, 12.9, 0
GILMORE CREEK, COOP, -147.521, 64.977, 945, 10.8, 5, 0, 5, 0, 5, 3.66, 5, 36.6, 5, 12.5, 1
TANANA AIRPORT, WBAN, -152.107, 65.175, 222, 5.7, 0, 0, 0, 0, 0, 0.00, 1, 34.5, 0, 15.7, 0
CIRCLE HOT SPRINGS, WBAN, -144.642, 65.494, 860, -0.2, 0, 0, 0, 0, 0, 1.35, 0, 19.5, 0, 20.2, 0
KOTZEBUE AIRPORT, WBAN, -162.633, 66.867, 30, 11.4, 0, 0, 0, 0, 0, 4.88, 0, 46.6, 0, 20.1, 0
BETTLES AIRPORT, WBAN, -151.519, 66.918, 634, 3.2, 0, 0, 0, 0, 0, 8.41, 0, 130.9, 0, 34.0, 0
WISEMAN, WBAN, -150.110, 67.408, 1181, 1.9, 2, 0, 2, 0, 2, 7.93, 2, 130.8, 2, 33.1, 2
BARTER ISLAND WSO AP, WBAN, -143.577, 70.134, 2, 0.3, 35, 0, 35, 0, 35, 0.04, 71, M, 121, M, 121
DEADHORSE, WBAN, -148.477, 70.192, 61, -2.2, 2, 0, 1, 0, 1, 0.19, 5, M, 121, M, 121
BARROW AIRPORT, WBAN, -156.781, 71.283, 31, -1.2, 0, 0, 0, 0, 0, 1.29, 0, 22.5, 0, 9.0, 0
MAIN BAY, COOP, -148.093, 60.518, 57, 29.5, 0, 0, 0, 0, 0, 84.85, 0, 198.0, 0, 42.2, 0
KUPARUK, COOP, -149.611, 70.329, 64, -3.5, 0, 0, 0, 0, 0, 0.99, 0, 13.5, 0, 13.5, 0
PORT SAN JUAN, COOP, -148.067, 60.050, 40, 33.0, 0, 0, 0, 0, 0, 55.58, 0, 46.4, 47, 2.8, 22
ADAK AP, WBAN, -176.650, 51.883, 17, 35.5, 120, 0, 120, 0, 120, 0.54, 120, M, 121, M, 121
ANNETTE AIRPORT, WBAN, -131.579, 55.039, 109, 38.5, 28, 0, 28, 0, 28, 21.64, 45, M, 121, M, 121
COLD BAY AIRPORT, WBAN, -162.732, 55.221, 78, 34.1, 0, 0, 0, 0, 0, 20.08, 0, 38.4, 1, 1.0, 0
CRAIG, WBAN, -133.141, 55.477, 43, 36.7, 0, 0, 0, 0, 0, 32.42, 0, 9.7, 0, 0.2, 0
LITTLE PORT WALTER, WBAN, -134.650, 56.383, 14, 35.6, 3, 0, 2, 0, 2, 62.38, 0, 28.9, 2, 1.8, 2
SITKA AIRPORT, WBAN, -135.365, 57.048, 14, 38.4, 1, 0, 1, 0, 1, 22.01, 0, M, 121, M, 121
SAINT PAUL ISLAND AIRPORT, WBAN, -170.222, 57.155, 35, 30.5, 0, 0, 0, 0, 0, 10.04, 0, 1.7, 85, 0.4, 94
DELTA JUNCTION 20 SE, COOP, -145.105, 63.965, 1125, 8.9, 0, 0, 0, 0, 0, 0.80, 0, 11.1, 0, 3.1, 0
HOUSTON, COOP, -149.801, 61.631, 270, 24.3, 52, 0, 52, 0, 52, 6.48, 52, 0.0, 90, 0.0, 115
LAZY MOUNTAIN, COOP, -149.036, 61.627, 733, 21.6, 0, 0, 0, 0, 0, 4.43, 2, 54.4, 2, 19.9, 2
PORT ALCAN, COOP, -141.006, 62.621, 1892, 1.2, 0, 0, 0, 0, 0, 0.59, 0, 11.4, 0, 9.5, 0
EAGLE RIVER 5 SE, COOP, -149.440, 61.297, 498, 23.5, 0, 0, 0, 0, 0, 1.49, 0, 26.5, 17, 7.5, 0
HAINES 40NW, COOP, -136.361, 59.450, 820, 21.7, 0, 0, 0, 0, 0, 19.75, 0, 105.4, 0, 24.8, 0
FORT RICHARDSON WATER TREATMENT PLANT, COOP, -149.650, 61.227, 470, 21.7, 49, 0, 49, 0, 49, 0.81, 48, 8.4, 48, M, 121
HIDDEN FALLS HATCHERY, COOP, -134.877, 57.218, 22, 33.3, 6, 0, 6, 0, 6, 47.74, 0, 33.2, 4, 2.3, 4
DELTA 6 N, COOP, -145.751, 64.117, 1059, 6.8, 1, 0, 1, 0, 1, 0.60, 1, 9.9, 1, 4.3, 0
DRY CREEK, COOP, -144.604, 63.675, 1355, 6.5, 1, 0, 1, 0, 1, 0.91, 0, 17.9, 0, 4.3, 0
KEYSTONE RIDGE, COOP, -148.271, 64.916, 1600, 16.3, 0, 0, 0, 0, 0, 2.91, 3, 48.5, 3, 14.4, 2
FOX 2 SE, COOP, -147.626, 64.959, 775, 9.4, 0, 0, 0, 0, 0, 2.85, 0, 39.2, 0, 14.9, 0
GALENA, COOP, -156.875, 64.741, 152, 24.9, 104, 0, 104, 0, 104, 0.98, 104, 7.1, 104, 20.8, 104
WHITESTONE FARMS, COOP, -145.889, 64.154, 995, 12.0, 1, 0, 1, 0, 1, 0.66, 0, 11.8, 0, 2.9, 0
NORTH POLE 1N, COOP, -147.340, 64.760, 496, 5.8, 0, 0, 0, 0, 0, 1.50, 0, 28.7, 0, 13.3, 0
ESTER 5NE, COOP, -147.924, 64.911, 630, 5.7, 0, 0, 0, 0, 0, 2.77, 3, 50.5, 7, 14.3, 7
FORT KNOX MINE, COOP, -147.341, 65.003, 1621, 14.1, 0, 0, 0, 0, 0, 2.96, 0, M, 121, M, 121
ANCHORAGE FORECAST OFFICE, COOP, -149.985, 61.156, 131, 23.4, 0, 0, 0, 0, 0, 4.22, 0, 50.6, 0, 12.1, 0
ESTER, COOP, -148.026, 64.846, 655, 6.8, 0, 0, 0, 0, 0, 2.83, 5, 40.9, 6, 14.5, 5
GUSTAVUS, WBAN, -135.709, 58.411, 40, 29.1, 0, 0, 0, 0, 0, 14.82, 0, 29.8, 0, 2.2, 0
MCKINLEY PARK, WBAN, -148.969, 63.718, 2070, 14.4, 0, 0, 0, 0, 0, 1.68, 0, 28.7, 0, 9.1, 0
SKAGWAY, COOP, -135.314, 59.455, 35, 29.8, 0, 0, 0, 0, 0, 10.76, 0, 19.7, 0, 0.5, 0
SKAGWAY AIRPORT, COOP, -135.324, 59.456, 20, 32.6, 0, 0, 0, 0, 0, 8.32, 0, M, 121, M, 121
MINCHUMINA, WBAN, -152.282, 63.903, 1025, 8.7, 0, 0, 0, 0, 0, 1.81, 0, 26.2, 7, 16.5, 7
HAINES AIRPORT, WBAN, -135.509, 59.243, 15, 29.3, 0, 0, 0, 0, 0, 15.99, 0, M, 121, M, 121
KING SALMON AIRPORT, WBAN, -156.656, 58.683, 67, 28.3, 28, 0, 28, 0, 28, 6.34, 0, 15.8, 5, 0.6, 32
JUNEAU DOWNTOWN, WBAN, -134.411, 58.299, 50, 33.7, 1, 0, 0, 0, 0, 24.00, 3, 41.8, 37, 2.0, 37
KODIAK AIRPORT, WBAN, -152.485, 57.751, 80, 35.0, 0, 0, 0, 0, 0, 23.13, 0, T, 93, 0.0, 118
PETERSBURG 1, WBAN, -132.937, 56.806, 107, 32.5, 0, 0, 0, 0, 0, 30.08, 0, 61.3, 0, 4.3, 0
DUTCH HARBOR, WBAN, -166.543, 53.895, 10, 36.6, 0, 0, 0, 0, 0, 20.75, 0, 32.1, 1, 1.1, 2
SKAGWAY AIRPORT, WBAN, -135.324, 59.456, 20, 32.5, 18, 0, 18, 0, 18, 4.69, 18, M, 121, M, 121
NENANA MUNICIPAL AIRPORT, WBAN, -149.072, 64.550, 360, 9.6, 0, 0, 0, 0, 0, 1.82, 1, M, 121, M, 121
EAGLE AIRPORT, WBAN, -141.148, 64.777, 908, 8.8, 2, 0, 2, 0, 2, 1.07, 4, M, 121, M, 121
WAINWRIGHT AIRPORT, WBAN, -159.995, 70.639, 30, -0.8, 4, 0, 4, 0, 4, 0.04, 5, M, 121, M, 121
DEERING AIRPORT, WBAN, -162.764, 66.069, 21, 16.9, 34, 0, 34, 0, 34, 0.03, 5, M, 121, M, 121
KLAWOCK AIRPORT, WBAN, -133.075, 55.580, 12, 36.8, 5, 0, 5, 0, 5, 24.18, 1, M, 121, M, 121
ST GEORGE ISLAND AIRPORT, WBAN, -169.565, 56.600, 125, 32.4, 3, 0, 3, 0, 3, 10.49, 1, M, 121, M, 121
ANCHORAGE LAKE HOOD SEA PLANE BASE, WBAN, -149.966, 61.178, 90, 23.7, 0, 0, 0, 0, 0, 1.45, 16, M, 121, M, 121
NUIQSUT AIRPORT, WBAN, -151.002, 70.212, 57, -4.6, 4, 0, 4, 0, 4, 0.10, 65, M, 121, M, 121
KIVALINA AIRPORT, WBAN, -164.548, 67.732, 10, 5.3, 53, 0, 53, 0, 53, 0.57, 68, M, 121, M, 121
SELDOVIA AIRPORT, WBAN, -151.702, 59.443, 29, 32.1, 0, 0, 0, 0, 0, 20.61, 0, M, 121, M, 121
FAIRBANKS AIRPORT #2, COOP, -147.874, 64.817, 427, 7.1, 0, 0, 0, 0, 0, 2.32, 0, 38.2, 0, 14.5, 0
JUNEAU LENA POINT, COOP, -134.766, 58.387, 35, 34.2, 0, 0, 0, 0, 0, 15.07, 0, 51.5, 0, 2.4, 0
CAMPBELL CREEK SCIENCE CENTER, COOP, -149.778, 61.164, 258, 21.7, 12, 0, 12, 0, 12, 0.70, 80, 27.2, 80, 22.0, 89
CHANDALAR SHELF DOT, COOP, -149.565, 68.078, 3250, 3.6, 2, 0, 2, 0, 2, M, 121, M, 121, M, 121
HAINES #2, COOP, -135.449, 59.238, 95, 28.7, 0, 0, 0, 0, 0, 19.40, 0, 45.7, 3, 4.6, 7
EKLUTNA WTP, COOP, -149.323, 61.450, 640, 23.0, 4, 0, 3, 0, 3, 1.95, 11, 33.1, 1, 14.2, 1
JUNEAU FORECAST OFFICE, COOP, -134.569, 58.400, 106, 29.1, 1, 0, 0, 0, 0, 18.71, 0, 71.4, 0, 8.3, 0
CORDOVA WWTP, COOP, -145.778, 60.536, 10, 35.1, 3, 0, 2, 0, 2, 25.83, 2, M, 121, M, 121
WALLY NOERENBERG HATCHERY, COOP, -148.087, 60.799, 35, 30.3, 0, 0, 0, 0, 0, 69.41, 1, 75.4, 1, 14.0, 0
SITKA WATER TREATMENT PLANT, COOP, -135.350, 57.047, 35, M, 121, M, 121, M, 121, 24.69, 1, 8.3, 0, 0.1, 0
CLEAR SKY, COOP, -149.183, 64.245, 646, 6.8, 0, 0, 0, 0, 0, 1.83, 0, 30.5, 0, 14.7, 0
SAND POINT 1 ENE, WBAN, -160.466, 55.347, 240, 35.3, 0, 0, 0, 0, 0, 21.13, 0, M, 121, M, 121
PORT ALSWORTH 1 SW, WBAN, -154.320, 60.195, 321, 25.7, 0, 0, 0, 0, 0, 6.98, 0, M, 121, M, 121
TOK #2, COOP, -143.006, 63.316, 1658, 1.5, 0, 0, 0, 0, 0, 0.64, 1, 12.6, 0, 11.2, 0
GOLDSTREAM CREEK, COOP, -147.875, 64.894, 577, 3.8, 0, 0, 0, 0, 0, 2.27, 0, 29.0, 0, 14.3, 0
EAGLE RIVER 2.6 ESE, CoCoRaHS, -149.496, 61.312, 799, M, 121, M, 121, M, 121, 2.63, 5, 25.7, 96, 1.9, 116
EAGLE RIVER 7.8 SE, CoCoRaHS, -149.440, 61.227, 2156, M, 121, M, 121, M, 121, 0.98, 106, 17.0, 106, 20.9, 106
EDNA BAY 1.3 E, CoCoRaHS, -133.618, 55.955, -, M, 121, M, 121, M, 121, 34.10, 3, 25.4, 58, 3.2, 108
SKAGWAY 0.5 W, CoCoRaHS, -135.350, 59.520, 82, M, 121, M, 121, M, 121, 3.96, 51, 14.7, 66, M, 121
RED DOG MINE 3 SSW, WBAN, -162.921, 68.028, 942, 11.1, 0, 0, 0, 0, 0, 4.23, 29, M, 121, M, 121
KENAI 29 ENE, WBAN, -150.448, 60.724, 282, 22.0, 0, 0, 0, 0, 0, 3.88, 0, M, 121, M, 121
TOK 70 SE, WBAN, -141.208, 62.737, 2000, 35.0, 110, 0, 110, 0, 110, 0.08, 111, M, 121, M, 121
PETERSBURG 4.4 NW, CoCoRaHS, -132.954, 56.814, 49, M, 121, M, 121, M, 121, 19.98, 62, 0.0, 119, M, 121
PALMER 1.7 WNW, CoCoRaHS, -149.126, 61.619, 435, M, 121, M, 121, M, 121, 3.57, 0, 40.8, 0, 7.3, 0
ALCAN HWY MI-1244 ALASKA, RAWS, -141.467, 62.817, 1800, 11.7, 32, 0, 32, 0, 32, M, 121, M, 121, M, 121
BIRCH CREEK ALASKA, RAWS, -144.364, 65.585, 850, 0.8, 16, 0, 10, 0, 10, M, 121, M, 121, M, 121
BEN CREEK ALASKA, RAWS, -143.067, 65.283, 1850, 9.8, 22, 0, 19, 0, 19, M, 121, M, 121, M, 121
BENTALIT ALASKA, RAWS, -150.986, 61.936, 150, 19.1, 0, 0, 0, 0, 0, M, 121, M, 121, M, 121
BROADVIEW ALASKA, RAWS, -149.767, 60.483, 625, 28.5, 0, 0, 0, 0, 0, M, 121, M, 121, M, 121
CARIBOU PEAK ALASKA, RAWS, -147.500, 65.189, 1575, 17.0, 8, 0, 4, 0, 4, M, 121, M, 121, M, 121
CHATANIKA ALASKA, RAWS, -148.583, 65.017, 1450, 15.1, 2, 0, 1, 0, 1, M, 121, M, 121, M, 121
CHISANA ALASKA, RAWS, -142.083, 62.133, 3318, 5.2, 0, 0, 0, 0, 0, M, 121, M, 121, M, 121
CHALKYITSIK ALASKA, RAWS, -144.341, 66.591, 450, -1.5, 2, 0, 1, 0, 1, M, 121, M, 121, M, 121
CHISTOCHINA ALASKA, RAWS, -144.665, 62.565, 2300, 11.0, 35, 0, 33, 0, 33, M, 121, M, 121, M, 121
CHITNA ALASKA, RAWS, -144.440, 61.532, 581, 13.2, 3, 0, 1, 0, 1, M, 121, M, 121, M, 121
CHICKEN ALASKA, RAWS, -141.929, 64.060, 2860, 0.8, 2, 0, 1, 0, 1, M, 121, M, 121, M, 121
COTTONWOOD ALASKA, RAWS, -155.936, 65.346, 1310, 14.6, 37, 0, 34, 0, 34, M, 121, M, 121, M, 121
EAGLE ALASKA, RAWS, -141.162, 64.776, 880, 8.6, 4, 0, 2, 0, 2, M, 121, M, 121, M, 121
FAIRBANKS ALASKA, RAWS, -147.615, 64.837, 454, 6.5, 7, 0, 4, 0, 4, M, 121, M, 121, M, 121
FAREWELL ALASKA, RAWS, -154.077, 63.723, 775, -1.2, 119, 0, 119, 0, 119, M, 121, M, 121, M, 121
FLAT ALASKA, RAWS, -156.614, 62.823, 1480, 21.5, 62, 0, 61, 0, 61, M, 121, M, 121, M, 121
GEORGE CREEK ALASKA, RAWS, -144.350, 63.838, 1525, 12.7, 2, 0, 1, 0, 1, M, 121, M, 121, M, 121
GOODPASTURE ALASKA, RAWS, -145.267, 64.238, 1520, 13.8, 2, 0, 1, 0, 1, M, 121, M, 121, M, 121
GRAPHITE LAKE ALASKA, RAWS, -143.283, 67.033, 850, 4.9, 6, 0, 3, 0, 3, M, 121, M, 121, M, 121
GRANITE ALASKA, RAWS, -149.287, 60.728, 512, 28.4, 39, 0, 34, 0, 34, M, 121, M, 121, M, 121
HAIDA ALASKA, RAWS, -132.698, 55.350, 1500, 34.4, 4, 0, 2, 0, 2, M, 121, M, 121, M, 121
HAYCOCK ALASKA, RAWS, -161.155, 65.202, 177, 14.5, 1, 0, 0, 0, 0, M, 121, M, 121, M, 121
HELM ALASKA, RAWS, -131.366, 55.530, 1400, 35.9, 0, 0, 0, 0, 0, M, 121, M, 121, M, 121
HOGATZA RIVER ALASKA, RAWS, -155.667, 66.217, 685, 10.8, 12, 0, 12, 0, 12, M, 121, M, 121, M, 121
HOMER ALASKA, RAWS, -151.208, 59.746, 715, 30.8, 2, 0, 1, 0, 1, M, 121, M, 121, M, 121
HOONAH ALASKA, RAWS, -135.133, 57.800, 450, 32.8, 2, 0, 1, 0, 1, M, 121, M, 121, M, 121
JATAHMUND LAKE ALASKA, RAWS, -142.083, 62.600, 2300, 13.0, 59, 0, 55, 0, 55, M, 121, M, 121, M, 121
KAIYUH ALASKA, RAWS, -158.106, 64.426, 110, 10.5, 8, 0, 4, 0, 4, M, 121, M, 121, M, 121
KAKE ALASKA, RAWS, -133.660, 56.974, 400, 33.0, 0, 0, 0, 0, 0, M, 121, M, 121, M, 121
KANUTI NWR ALASKA, RAWS, -152.170, 66.093, 825, 4.6, 6, 0, 3, 0, 3, M, 121, M, 121, M, 121
KELLY ALASKA, RAWS, -162.300, 67.933, 412, 10.7, 4, 0, 2, 0, 2, M, 121, M, 121, M, 121
KENAI NWR ALASKA, RAWS, -150.317, 60.592, 400, 31.0, 111, 0, 111, 0, 111, M, 121, M, 121, M, 121
KIANA ALASKA, RAWS, -160.437, 66.977, 150, 10.2, 2, 0, 1, 0, 1, M, 121, M, 121, M, 121
KILBUCK ALASKA, RAWS, -160.200, 60.320, 1910, 24.1, 28, 0, 22, 0, 22, M, 121, M, 121, M, 121
KLAWASI ALASKA, RAWS, -144.928, 62.147, 3100, 15.0, 4, 0, 2, 0, 2, M, 121, M, 121, M, 121
KENAI LAKE ALASKA, RAWS, -149.400, 60.367, 475, 27.1, 2, 0, 1, 0, 1, M, 121, M, 121, M, 121
KOYUKUK NWR ALASKA, RAWS, -157.570, 66.008, 100, 10.0, 19, 0, 15, 0, 15, M, 121, M, 121, M, 121
LITTLE BLACK ALASKA, RAWS, -143.367, 66.091, 1241, 8.3, 49, 0, 47, 0, 47, M, 121, M, 121, M, 121
LIVENGOOD ALASKA, RAWS, -148.722, 65.424, 450, 4.8, 4, 0, 2, 0, 2, M, 121, M, 121, M, 121
LAKE MINCHUMINA ALASKA, RAWS, -152.311, 63.893, 740, 10.2, 4, 0, 2, 0, 2, M, 121, M, 121, M, 121
LOST CREEK ALASKA, RAWS, -147.971, 66.043, 700, 2.1, 2, 0, 1, 0, 1, M, 121, M, 121, M, 121
MAY CREEK ALASKA, RAWS, -142.584, 61.321, 1600, 11.2, 2, 0, 1, 0, 1, M, 121, M, 121, M, 121
MCKINLEY RIVER ALASKA, RAWS, -151.640, 63.649, 840, 8.9, 33, 0, 24, 0, 24, M, 121, M, 121, M, 121
NINILCHIK ALASKA, RAWS, -151.665, 60.043, 130, 24.1, 2, 0, 1, 0, 1, M, 121, M, 121, M, 121
NOATAK ALASKA, RAWS, -158.704, 68.071, 985, 2.7, 12, 0, 6, 0, 6, M, 121, M, 121, M, 121
NORUTAK LAKE ALASKA, RAWS, -154.333, 66.833, 800, 6.5, 69, 0, 67, 0, 67, M, 121, M, 121, M, 121
PORT ALSWORTH ALASKA, RAWS, -154.320, 60.196, 260, 27.0, 6, 0, 3, 0, 3, M, 121, M, 121, M, 121
PAXSON ALASKA, RAWS, -145.501, 62.945, 2670, 10.7, 4, 0, 2, 0, 2, M, 121, M, 121, M, 121
POORMAN ALASKA, RAWS, -155.558, 64.105, 935, 17.5, 27, 0, 27, 0, 27, M, 121, M, 121, M, 121
PREACHER CREEK ALASKA, RAWS, -145.030, 65.923, 1038, 2.0, 6, 0, 3, 0, 3, M, 121, M, 121, M, 121
QUARTZ CREEK ALASKA, RAWS, -164.650, 65.400, 427, 11.5, 2, 0, 1, 0, 1, M, 121, M, 121, M, 121
RABBIT CREEK ALASKA, RAWS, -149.728, 61.084, 1480, 27.8, 3, 0, 1, 0, 1, M, 121, M, 121, M, 121
REINDEER RIVER ALASKA, RAWS, -162.665, 61.716, 140, 19.3, 10, 0, 6, 0, 6, M, 121, M, 121, M, 121
RENEE ALASKA, RAWS, -146.618, 62.710, 2600, 15.9, 33, 0, 32, 0, 32, M, 121, M, 121, M, 121
FAIRBANKS 5.6 NNE, CoCoRaHS, -147.568, 64.911, 1016, M, 121, M, 121, M, 121, 3.01, 3, 43.1, 3, 16.2, 3
ANCHORAGE 2.6 SW, CoCoRaHS, -149.949, 61.190, 66, M, 121, M, 121, M, 121, 0.09, 56, 8.8, 115, 9.9, 116
MANLEY HOT SPRINGS 15NE, COOP, -150.228, 65.123, 501, 3.1, 0, 0, 0, 0, 0, 2.54, 0, 29.1, 0, 12.0, 0
ANCHORAGE 2.1 SSW, CoCoRaHS, -149.915, 61.189, 89, M, 121, M, 121, M, 121, 2.93, 53, 0.0, 115, M, 121
JUNEAU 15.1 W, CoCoRaHS, -134.546, 58.417, 114, M, 121, M, 121, M, 121, M, 121, M, 121, M, 121
PAXSON 10.8 SSE, CoCoRaHS, -145.517, 62.939, 2595, M, 121, M, 121, M, 121, 0.04, 117, 3.1, 115, 6.1, 120
ANCHORAGE 8.3 SSE, CoCoRaHS, -149.777, 61.114, 676, M, 121, M, 121, M, 121, 0.19, 116, 2.3, 118, 14.8, 116
ROUND LAKE ALASKA, RAWS, -153.940, 64.685, 570, 12.0, 10, 0, 5, 0, 5, M, 121, M, 121, M, 121
RUTH GLACIER ALASKA, RAWS, -150.540, 62.710, 3300, 22.1, 3, 0, 2, 0, 2, M, 121, M, 121, M, 121
SELAWIK ALASKA, RAWS, -159.112, 66.603, 105, 8.9, 12, 0, 6, 0, 6, M, 121, M, 121, M, 121
SEVEN MILE ALASKA, RAWS, -149.855, 65.938, 823, 3.8, 29, 0, 28, 0, 28, M, 121, M, 121, M, 121
SKILAK GUARD STATION ALASKA, RAWS, -150.461, 60.484, 590, 26.3, 5, 0, 3, 0, 3, M, 121, M, 121, M, 121
SALCHA ALASKA, RAWS, -146.140, 64.590, 1000, 4.4, 0, 0, 0, 0, 0, M, 121, M, 121, M, 121
STONEY ALASKA, RAWS, -153.896, 61.001, 1250, 17.9, 6, 0, 3, 0, 3, M, 121, M, 121, M, 121
SWANSON RIVER ALASKA, RAWS, -150.872, 60.728, 280, 26.4, 0, 0, 0, 0, 0, M, 121, M, 121, M, 121
TELIDA ALASKA, RAWS, -153.357, 63.440, 650, 8.0, 4, 0, 2, 0, 2, M, 121, M, 121, M, 121
THORNE BAY ALASKA, RAWS, -132.983, 55.750, 1800, 36.0, 0, 0, 0, 0, 0, M, 121, M, 121, M, 121
TOK RIVER VALLEY ALASKA, RAWS, -143.347, 62.957, 2300, 15.9, 56, 0, 56, 0, 56, M, 121, M, 121, M, 121
GOLD KING ALASKA, RAWS, -148.462, 64.404, 556, 15.4, 4, 0, 2, 0, 2, M, 121, M, 121, M, 121
WONDER LAKE ALASKA, RAWS, -150.871, 63.490, 2120, 14.2, 4, 0, 2, 0, 2, M, 121, M, 121, M, 121
ZAREMBO ALASKA, RAWS, -132.849, 56.300, 1100, 35.3, 2, 0, 1, 0, 1, M, 121, M, 121, M, 121
KING SALMON 42 SE, WBAN, -155.922, 58.208, 661, 26.5, 0, 0, 0, 0, 0, 6.22, 0, M, 121, M, 121
GUSTAVUS 2 NE, WBAN, -135.690, 58.429, 20, 30.7, 1, 0, 0, 0, 0, 12.19, 5, M, 121, M, 121
METLAKATLA 6 S, WBAN, -131.588, 55.046, 105, 36.8, 0, 0, 0, 0, 0, 33.16, 0, M, 121, M, 121
ALPINE, COOP, -150.928, 70.346, 17, -2.8, 0, 0, 0, 0, 0, 0.91, 0, 8.2, 3, 19.1, 6
CHUGIAK 0.8, CoCoRaHS, -149.487, 61.407, 191, M, 121, M, 121, M, 121, 1.12, 103, 3.8, 106, 4.9, 120
TALKEETNA 7.6 S, CoCoRaHS, -150.073, 62.227, 383, M, 121, M, 121, M, 121, 7.00, 0, 83.1, 0, 23.6, 0
FAIRBANKS 7.0 NNE, CoCoRaHS, -147.539, 64.928, 1422, M, 121, M, 121, M, 121, 3.05, 81, 38.0, 85, M, 121
LONG LAKE, Snotel, -133.830, 58.190, 850, 26.9, 0, 0, 0, 0, 0, 42.60, 0, M, 121, 45.0, 0
MOORE CREEK BRIDGE, Snotel, -135.210, 59.590, 2250, 23.2, 0, 0, 0, 0, 0, 10.40, 2, M, 121, 36.4, 4
AMERICAN CREEK, Snotel, -141.230, 64.790, 1050, 7.1, 0, 0, 0, 0, 0, 1.40, 0, M, 121, 14.7, 0
MAY CREEK, Snotel, -142.710, 61.350, 1610, 12.4, 0, 0, 0, 0, 0, 3.40, 0, M, 121, 10.9, 0
CHISANA, Snotel, -142.050, 62.070, 3320, 7.4, 0, 0, 0, 0, 0, 2.00, 0, M, 121, 8.8, 0
UPPER CHENA, Snotel, -144.930, 65.100, 2850, 14.5, 5, 0, 3, 0, 3, 3.60, 0, M, 121, 20.5, 0
MT. EYAK, Snotel, -145.750, 60.550, 1405, 33.2, 0, 0, 0, 0, 0, 46.60, 0, M, 121, 28.0, 0
UPPER TSAINA RIVER, Snotel, -145.650, 61.190, 1750, 13.1, 2, 0, 2, 0, 2, 16.60, 0, M, 121, 58.4, 0
FIELDING LAKE, Snotel, -145.630, 63.200, 3000, 9.7, 0, 0, 0, 0, 0, 4.90, 0, M, 121, 25.4, 0
GRANITE CRK, Snotel, -145.400, 63.940, 1240, 11.5, 0, 0, 0, 0, 0, 0.00, 14, M, 121, 4.8, 0
TEUCHET CREEK, Snotel, -145.520, 64.950, 1640, 10.8, 10, 0, 1, 0, 1, 2.10, 0, M, 121, 11.8, 0
MONUMENT CREEK, Snotel, -145.870, 65.080, 1850, 9.6, 14, 0, 6, 0, 6, 2.80, 0, M, 121, 14.1, 0
EAGLE SUMMIT, Snotel, -145.410, 65.490, 3650, 13.6, 1, 0, 1, 0, 1, 2.70, 0, M, 121, 7.6, 0
FORT YUKON, Snotel, -145.250, 66.570, 430, -2.2, 0, 0, 0, 0, 0, 1.40, 0, M, 121, 17.6, 0
SUGARLOAF MTN, Snotel, -146.300, 61.080, 550, 28.1, 0, 0, 0, 0, 0, 29.60, 0, M, 121, 43.5, 0
MUNSON RIDGE, Snotel, -146.210, 64.850, 3100, 16.6, 5, 0, 3, 0, 3, 3.60, 0, M, 121, 19.4, 0
MT. RYAN, Snotel, -146.150, 65.250, 2800, 14.8, 7, 0, 4, 0, 4, 3.50, 0, M, 121, 19.6, 0
LITTLE CHENA RIDGE, Snotel, -146.730, 65.120, 2000, 19.2, 1, 0, 1, 0, 1, 3.30, 0, M, 121, 11.5, 0
UPPER NOME CREEK, Snotel, -146.590, 65.370, 2520, 13.9, 0, 0, 0, 0, 0, 4.30, 0, M, 121, 18.3, 0
MONAHAN FLAT, Snotel, -147.650, 63.310, 2710, 10.0, 0, 0, 0, 0, 0, 4.70, 0, M, 121, 23.0, 0
FAIRBANKS F.O., Snotel, -147.800, 64.850, 450, 8.6, 0, 0, 0, 0, 0, 1.80, 0, M, 121, 11.7, 0
ESTHER ISLAND, Snotel, -148.090, 60.800, 50, 31.2, 0, 0, 0, 0, 0, 64.10, 0, M, 121, 0.0, 112
MORAINE, Snotel, -149.000, 61.380, 2100, 26.2, 0, 0, 0, 0, 0, 5.00, 0, M, 121, 13.7, 0
SAGWON, Snotel, -148.690, 69.420, 1000, 4.0, 0, 0, 0, 0, 0, 1.50, 0, M, 121, 18.6, 0
PRUDHOE BAY, Snotel, -148.570, 70.270, 30, -2.7, 0, 0, 0, 0, 0, 1.40, 0, M, 121, 9.0, 0
MT. ALYESKA, Snotel, -149.090, 60.960, 1540, 28.1, 0, 0, 0, 0, 0, 30.60, 0, M, 121, 37.8, 0
GRANDVIEW, Snotel, -149.060, 60.610, 1100, 26.5, 0, 0, 0, 0, 0, 21.80, 0, M, 121, 28.1, 0
COOPER LAKE, Snotel, -149.690, 60.390, 1200, 27.6, 0, 0, 0, 0, 0, 17.40, 0, M, 121, 25.6, 0
TURNAGAIN PASS, Snotel, -149.180, 60.780, 1880, 27.3, 0, 0, 0, 0, 0, 25.70, 0, M, 121, 56.9, 0
GROUSE CREEK DIVIDE, Snotel, -149.340, 60.260, 700, 27.2, 1, 0, 1, 0, 1, 27.70, 0, M, 121, 20.4, 0
EXIT GLACIER, Snotel, -149.620, 60.190, 400, 26.3, 0, 0, 0, 0, 0, 36.40, 0, M, 121, 20.9, 0
SUMMIT CREEK, Snotel, -149.530, 60.620, 1400, 23.3, 0, 0, 0, 0, 0, 9.20, 0, M, 121, 21.6, 0
INDIAN PASS, Snotel, -149.480, 61.070, 2350, 23.8, 0, 0, 0, 0, 0, 14.60, 0, M, 121, 44.1, 0
ANCHORAGE HILLSIDE, Snotel, -149.670, 61.110, 2080, 24.2, 0, 0, 0, 0, 0, 6.70, 0, M, 121, 18.6, 1
INDEPENDENCE MINE, Snotel, -149.280, 61.790, 3550, M, 121, M, 121, M, 121, 11.40, 0, M, 121, 35.2, 0
IMNAVIAT CREEK, Snotel, -149.300, 68.620, 3050, 9.1, 0, 0, 0, 0, 0, 1.50, 1, M, 121, 13.7, 2
ATIGUN PASS, Snotel, -149.480, 68.130, 4800, 4.4, 0, 0, 0, 0, 0, 4.40, 1, M, 121, 37.5, 2
MIDDLE FORK BRADLEY, Snotel, -150.760, 59.780, 2300, 26.6, 0, 0, 0, 0, 0, 20.70, 0, M, 121, 35.0, 0
NUKA GLACIER, Snotel, -150.710, 59.700, 1250, 29.1, 0, 0, 0, 0, 0, 38.00, 0, M, 121, 35.0, 0
KACHEMAK CREEK, Snotel, -150.660, 59.730, 1660, 29.9, 1, 0, 1, 0, 1, 28.30, 0, M, 121, 27.5, 0
KENAI MOOSE PENS, Snotel, -150.480, 60.730, 300, 24.3, 0, 0, 0, 0, 0, 4.40, 0, M, 121, 12.4, 0
ALEXANDER LAKE, Snotel, -150.890, 61.750, 160, 35.6, 94, 0, 94, 0, 94, 9.30, 0, M, 121, 25.8, 0
TOKOSITNA VALLEY, Snotel, -150.780, 62.630, 850, 20.5, 0, 0, 0, 0, 0, 13.80, 0, M, 121, 40.7, 0
SUSITNA VALLEY HIGH, Snotel, -150.040, 62.130, 375, 18.8, 0, 0, 0, 0, 0, 8.00, 0, M, 121, 21.8, 0
KANTISHNA, Snotel, -150.990, 63.540, 1550, 9.9, 0, 0, 0, 0, 0, 3.00, 0, M, 121, 14.8, 0
GOBBLERS KNOB, Snotel, -150.670, 66.750, 2030, 13.7, 0, 0, 0, 0, 0, 7.60, 1, M, 121, 10.2, 2
COLDFOOT, Snotel, -150.180, 67.250, 1040, 5.7, 0, 0, 0, 0, 0, 8.90, 0, M, 121, 35.6, 39
ANCHOR RIVER DIVIDE, Snotel, -151.320, 59.860, 1653, M, 121, M, 121, M, 121, 13.40, 0, M, 121, 32.5, 0
MCNEIL CANYON, Snotel, -151.250, 59.740, 1320, 26.5, 0, 0, 0, 0, 0, 10.60, 0, M, 121, 21.0, 0
PORT GRAHAM, Snotel, -151.850, 59.350, 300, 33.2, 0, 0, 0, 0, 0, 32.10, 0, M, 121, 10.2, 0
BETTLES FIELD, Snotel, -151.530, 66.920, 640, -1.4, 1, 0, 0, 0, 0, 7.60, 0, M, 121, 33.9, 0
TELAQUANA LAKE, Snotel, -153.920, 60.980, 1275, 21.0, 0, 0, 0, 0, 0, 4.80, 0, M, 121, 16.4, 0
MCNEIL RIVER SGS, Snotel, -154.280, 59.080, 140, 28.4, 0, 0, 0, 0, 0, 30.50, 0, M, 121, 26.1, 0
KELLY STATION, Snotel, -162.280, 67.930, 310, 11.5, 0, 0, 0, 0, 0, 5.80, 0, M, 121, 24.1, 0
ROCKY POINT, Snotel, -163.420, 64.530, 250, 13.6, 0, 0, 0, 0, 0, 4.60, 0, M, 121, 32.9, 1
PARGON CREEK, Snotel, -163.100, 64.990, 100, 12.2, 0, 0, 0, 0, 0, 6.30, 0, M, 121, 18.8, 0
JOHNSON'S CAMP, Snotel, -164.290, 64.560, 25, 17.7, 0, 0, 0, 0, 0, M, 121, M, 121, 21.1, 0
FAIRBANKS 5.7 N, CoCoRaHS, -147.630, 64.919, 996, M, 121, M, 121, M, 121, 2.71, 0, 36.9, 0, 15.2, 0
ANCHORAGE 4.7 SSW, CoCoRaHS, -149.935, 61.153, 116, M, 121, M, 121, M, 121, 3.58, 0, 43.9, 0, 9.8, 0
SELAWIK 28 E, WBAN, -159.004, 66.562, 22, 7.4, 0, 0, 0, 0, 0, 3.30, 0, M, 121, M, 121
VALDEZ, COOP, -146.382, 61.131, 62, 25.6, 0, 0, 0, 0, 0, 28.25, 0, 146.0, 0, 40.4, 1
DENALI 27 N, WBAN, -150.875, 63.452, 2225, 15.3, 4, 0, 4, 0, 4, 2.99, 4, M, 121, M, 121
GLENNALLEN 64 N, WBAN, -145.500, 63.030, 2669, 7.9, 0, 0, 0, 0, 0, 0.93, 0, M, 121, M, 121
EAGLE RIVER GAKONA CIRCLE, COOP, -149.543, 61.319, 567, 22.6, 0, 0, 0, 0, 0, 5.59, 0, 27.4, 6, 10.8, 6
POINT BAKER, COOP, -133.626, 56.351, 20, 35.7, 4, 0, 3, 0, 3, 17.90, 0, 13.5, 0, 0.3, 0
HYDER, COOP, -130.026, 55.916, 80, 30.3, 0, 0, 0, 0, 0, 17.81, 14, 84.4, 16, 14.8, 16
FAIRBANKS 11 NE, WBAN, -147.510, 64.974, 1140, 16.0, 0, 0, 0, 0, 0, 2.78, 0, M, 121, M, 121
AURORA, COOP, -147.722, 64.855, 443, 8.0, 0, 0, 0, 0, 0, 2.02, 0, 33.2, 0, 13.4, 0
KETCHIKAN AIRPORT, WBAN, -131.721, 55.360, 80, 36.3, 0, 0, 0, 0, 0, 41.45, 3, M, 121, M, 121
SOLDOTNA 5SSW, COOP, -151.134, 60.419, 180, 22.2, 0, 0, 0, 0, 0, 6.61, 29, 52.2, 29, 12.6, 6
MONTANA CREEK DOT, COOP, -146.086, 65.360, 2300, 10.3, 3, 0, 3, 0, 3, M, 121, M, 121, 16.9, 62
MONASHKA CREEK DAM, COOP, -152.458, 57.843, 130, 31.6, 1, 0, 1, 0, 1, 29.73, 0, M, 121, M, 121
KODIAK WWTP, COOP, -152.356, 57.805, 54, 35.8, 0, 0, 0, 0, 0, 21.26, 0, 3.8, 0, 0.0, 0
Kodiak Area, ThreadEx, -, -, -, 35.0, 0, 0, 0, 0, 0, 23.13, 0, T, 93, 0.0, 118
King Salmon Area, ThreadEx, -, -, -, 28.3, 28, 0, 28, 0, 28, 6.34, 0, 15.8, 5, 0.6, 32
Anchorage Area, ThreadEx, -, -, -, 25.7, 0, 0, 0, 0, 0, 4.15, 0, 50.7, 0, 12.2, 0
Annette Area, ThreadEx, -, -, -, 38.5, 28, 0, 28, 0, 28, 21.64, 45, M, 121, M, 121
Bethel Area, ThreadEx, -, -, -, 20.5, 0, 0, 0, 0, 0, 4.45, 0, 0.0, 102, 0.0, 118
Delta Junction Area, ThreadEx, -, -, -, 12.5, 0, 0, 0, 0, 0, 0.31, 1, M, 121, M, 121
Barrow Area, ThreadEx, -, -, -, -1.2, 0, 0, 0, 0, 0, 1.29, 0, 22.5, 0, 9.0, 0
Bettles Area, ThreadEx, -, -, -, 3.2, 0, 0, 0, 0, 0, 8.41, 0, 130.9, 0, 34.0, 0
Cold Bay Area, ThreadEx, -, -, -, 34.1, 0, 0, 0, 0, 0, 20.08, 0, 38.4, 1, 1.0, 0
Fairbanks Area, ThreadEx, -, -, -, 6.6, 0, 0, 0, 0, 0, 2.31, 0, 37.9, 0, 14.5, 0
Gulkana Area, ThreadEx, -, -, -, 8.5, 0, 0, 0, 0, 0, 1.44, 0, M, 121, M, 121
Homer Area, ThreadEx, -, -, -, 31.7, 0, 0, 0, 0, 0, 10.19, 0, M, 121, M, 121
Juneau Area, ThreadEx, -, -, -, 31.4, 0, 0, 0, 0, 0, 17.52, 0, 47.3, 1, 3.0, 1
Mcgrath Area, ThreadEx, -, -, -, 8.6, 0, 0, 0, 0, 0, 5.68, 0, 74.7, 0, 25.6, 0
Nome Area, ThreadEx, -, -, -, 14.1, 0, 0, 0, 0, 0, 6.45, 0, 87.8, 0, 34.0, 0
Kotzebue Area, ThreadEx, -, -, -, 11.4, 0, 0, 0, 0, 0, 4.88, 0, 46.6, 0, 20.1, 0
St Paul Island Area, ThreadEx, -, -, -, 30.5, 0, 0, 0, 0, 0, 10.04, 0, 1.7, 85, 0.4, 94
Talkeetna Area, ThreadEx, -, -, -, 20.7, 0, 0, 0, 0, 0, 5.51, 1, M, 121, M, 121
Yakutat Area, ThreadEx, -, -, -, 32.8, 1, 0, 1, 0, 1, 35.39, 0, M, 121, M, 121
ANCHORAGE UPPER DE ARMOUN, COOP, -149.717, 61.103, 1335, 27.2, 0, 0, 0, 0, 0, 4.71, 0, 49.0, 40, 9.7, 25
ST. PAUL 4 NE, WBAN, -170.212, 57.158, 20, 30.9, 0, 0, 0, 0, 0, 9.54, 0, M, 121, M, 121
SITKA 1 NE, WBAN, -135.327, 57.057, 78, 35.4, 0, 0, 0, 0, 0, 27.24, 0, M, 121, M, 121
ANCHORAGE RABBIT CREEK #2, COOP, -149.756, 61.088, 913, 24.6, 1, 0, 1, 0, 1, 4.70, 0, 44.7, 0, 7.5, 1
MANLEY HOT SPRINGS DOT, COOP, -150.613, 65.007, 345, 9.2, 6, 0, 6, 0, 6, M, 121, M, 121, M, 121
AMBER LAKE, COOP, -150.503, 62.193, 449, 22.0, 0, 0, 0, 0, 0, 7.79, 0, 98.7, 1, 24.5, 0
STERLING 6SW, COOP, -150.919, 60.491, 292, 22.8, 0, 0, 0, 0, 0, 6.70, 0, 43.5, 0, 11.4, 0
THORNE BAY, COOP, -132.525, 55.692, 286, 34.4, 0, 0, 0, 0, 0, 21.51, 0, 13.2, 0, 1.1, 0
IVOTUK 1 NNE, WBAN, -155.751, 68.485, 1909, -0.2, 7, 0, 7, 0, 7, 2.10, 8, M, 121, M, 121
RUBY 44 ESE, WBAN, -154.130, 64.501, 259, 6.8, 0, 0, 0, 0, 0, 3.50, 0, M, 121, M, 121
DEADHORSE 3 S, WBAN, -148.464, 70.162, 30, -3.9, 0, 0, 0, 0, 0, 3.70, 0, M, 121, M, 121
YAKUTAT 3 SSE, WBAN, -139.685, 59.509, 26, 30.8, 0, 0, 0, 0, 0, 40.79, 18, M, 121, M, 121
Skagway Area, ThreadEx, -, -, -, 32.6, 0, 0, 0, 0, 0, 8.32, 0, M, 121, M, 121
ANCHORAGE 7.6 SSE, CoCoRaHS, -149.846, 61.111, 220, M, 121, M, 121, M, 121, 3.94, 1, 46.0, 1, 9.2, 1
ANCHORAGE 4.5 E, CoCoRaHS, -149.765, 61.213, 224, M, 121, M, 121, M, 121, 2.69, 100, 39.0, 100, 7.7, 100
FAIRBANKS 4.4 W, CoCoRaHS, -147.797, 64.845, 438, M, 121, M, 121, M, 121, 1.75, 60, 2.8, 99, 13.0, 115
CHIGMIT MTNS ALASKA, RAWS, -153.466, 60.223, 4500, 16.7, 0, 0, 0, 0, 0, M, 121, M, 121, M, 121
COVILLE ALASKA, RAWS, -155.563, 58.803, 1500, 30.2, 34, 0, 33, 0, 33, M, 121, M, 121, M, 121
SALMON RIVER ALASKA, RAWS, -159.840, 67.460, 1201, 9.7, 4, 0, 2, 0, 2, M, 121, M, 121, M, 121
PEDERSON LAGOON ALASKA, RAWS, -149.731, 59.894, 625, 34.4, 0, 0, 0, 0, 0, M, 121, M, 121, M, 121
COAL CREEK ALASKA, RAWS, -143.132, 65.314, 870, 4.6, 4, 0, 1, 0, 1, M, 121, M, 121, M, 121
UMIAT AIRFIELD ALASKA, RAWS, -152.136, 69.370, 289, -5.2, 10, 0, 5, 0, 5, M, 121, M, 121, M, 121
TEBAY ALASKA, RAWS, -144.400, 61.188, 2000, 20.0, 37, 0, 36, 0, 36, M, 121, M, 121, M, 121
KILLIK PASS ALASKA, RAWS, -154.924, 67.970, 3000, 5.0, 16, 0, 9, 0, 9, M, 121, M, 121, M, 121
GLACIER BAY INNER DOCK, RAWS, -135.870, 58.456, 34, 35.1, 33, 0, 32, 0, 32, M, 121, M, 121, M, 121
CHICKEN CREEK ALASKA, RAWS, -141.845, 62.124, 5240, 16.9, 0, 0, 0, 0, 0, M, 121, M, 121, M, 121
CHIMNEY LAKE ALASKA, RAWS, -150.493, 67.756, 3100, 9.6, 11, 0, 8, 0, 8, M, 121, M, 121, M, 121
MT. NOAK ALASKA, RAWS, -162.994, 67.141, 809, 10.0, 13, 0, 10, 0, 10, M, 121, M, 121, M, 121
TOKLAT ALASKA, RAWS, -150.043, 63.524, 3100, 16.2, 0, 0, 0, 0, 0, M, 121, M, 121, M, 121
CAMPBELL CREEK ALASKA, RAWS, -149.797, 61.159, 157, 22.7, 14, 0, 14, 0, 14, M, 121, M, 121, M, 121
SNIPE LAKE ALASKA, RAWS, -154.320, 60.610, 2300, 23.2, 6, 0, 3, 0, 3, M, 121, M, 121, M, 121
TOK AKTAS ALASKA, RAWS, -143.002, 63.325, 1702, 2.7, 0, 0, 0, 0, 0, M, 121, M, 121, M, 121
JARVIS CREEK ALASKA, RAWS, -145.619, 63.949, 1426, 11.3, 2, 0, 1, 0, 1, M, 121, M, 121, M, 121
HOWARD PASS ALASKA, RAWS, -156.896, 68.156, 2062, 5.9, 7, 0, 4, 0, 4, M, 121, M, 121, M, 121
KALUICH ALASKA, RAWS, -158.432, 67.573, 2486, 5.8, 11, 0, 6, 0, 6, M, 121, M, 121, M, 121
FOURPEAKED ALASKA, RAWS, -153.518, 58.706, 1074, 31.2, 0, 0, 0, 0, 0, M, 121, M, 121, M, 121
HARDING ICEFIELD ALASKA, RAWS, -149.799, 60.149, 4200, 20.4, 0, 0, 0, 0, 0, M, 121, M, 121, M, 121
DEVIL MOUNTAIN ALASKA, RAWS, -164.531, 66.276, 285, 12.6, 16, 0, 14, 0, 14, M, 121, M, 121, M, 121
INIGOK AIRFIELD ALASKA, RAWS, -153.084, 70.004, 168, -3.9, 13, 0, 10, 0, 10, M, 121, M, 121, M, 121
IMELYAK ALASKA, RAWS, -157.069, 67.546, 3569, 9.8, 0, 0, 0, 0, 0, M, 121, M, 121, M, 121
SMALL ARMS RANGE ALASKA, RAWS, -147.617, 64.800, 490, -24.7, 112, 0, 111, 0, 111, M, 121, M, 121, M, 121
BOLIO ALASKA, RAWS, -145.833, 63.867, 2450, 13.6, 32, 0, 32, 0, 32, M, 121, M, 121, M, 121
UPPER CHARLEY RIVER ALASKA, RAWS, -143.202, 64.517, 3654, 7.9, 0, 0, 0, 0, 0, M, 121, M, 121, M, 121
SOLDOTNA AKKKS ALASKA, RAWS, -151.014, 60.497, 155, 24.1, 2, 0, 1, 0, 1, M, 121, M, 121, M, 121
FT. YUKON ALASKA, RAWS, -145.251, 66.570, 465, -1.4, 6, 0, 3, 0, 3, M, 121, M, 121, M, 121
PAMICHTUK LAKE ALASKA, RAWS, -152.195, 67.772, 2700, 7.8, 18, 0, 16, 0, 16, M, 121, M, 121, M, 121
EAGLE RIVER ALASKA, RAWS, -149.366, 61.273, 420, 32.1, 66, 0, 61, 0, 61, M, 121, M, 121, M, 121
WILLOW ALASKA, RAWS, -150.050, 61.765, 210, 19.4, 13, 0, 12, 0, 12, M, 121, M, 121, M, 121
YANTARNI BAY ALASKA, RAWS, -157.033, 56.914, 96, 34.6, 0, 0, 0, 0, 0, M, 121, M, 121, M, 121
STAMPEDE ALASKA, RAWS, -150.328, 63.748, 1900, 14.9, 27, 0, 22, 0, 22, M, 121, M, 121, M, 121
SHAKTOOLIK RIVER ALASKA, RAWS, -159.902, 64.633, 1850, 4.6, 6, 0, 5, 0, 5, M, 121, M, 121, M, 121
DENALI VISITOR CENTER ALASKA, RAWS, -148.905, 63.732, 1800, 15.7, 33, 0, 32, 0, 32, M, 121, M, 121, M, 121
DUNKLE HILLS ALASKA, RAWS, -149.539, 63.268, 2850, 14.1, 2, 0, 1, 0, 1, M, 121, M, 121, M, 121
BOX RIVER ALASKA, RAWS, -158.905, 65.299, 1150, 14.1, 47, 0, 40, 0, 40, M, 121, M, 121, M, 121
ASIK ALASKA, RAWS, -162.266, 67.475, 1329, 14.5, 41, 0, 39, 0, 39, M, 121, M, 121, M, 121
JUNEAU 14.6 W, CoCoRaHS, -134.531, 58.357, 58, M, 121, M, 121, M, 121, 19.73, 7, 44.0, 63, 5.5, 65
DONNELLY ALASKA, RAWS, -145.650, 63.983, 3000, 10.5, 31, 0, 31, 0, 31, M, 121, M, 121, M, 121
TANA KNOB ALASKA, RAWS, -142.698, 60.908, 3450, 19.5, 37, 0, 34, 0, 34, M, 121, M, 121, M, 121
TAG MTN ALASKA, RAWS, -158.660, 66.181, 2017, 11.6, 107, 0, 107, 0, 107, M, 121, M, 121, M, 121
RAM CREEK ALASKA, RAWS, -154.473, 67.685, 3000, 7.5, 23, 0, 14, 0, 14, M, 121, M, 121, M, 121
STUART CREEK ALASKA, RAWS, -146.504, 64.719, 1543, 18.1, 8, 0, 5, 0, 5, M, 121, M, 121, M, 121
EIELSON VISITOR CENTER ALASKA, RAWS, -150.309, 63.431, 3730, 21.0, 2, 0, 1, 0, 1, M, 121, M, 121, M, 121
GATES GLACIER ALASKA, RAWS, -143.013, 61.603, 4060, 21.8, 90, 0, 90, 0, 90, M, 121, M, 121, M, 121
WIGAND ALASKA, RAWS, -150.050, 63.812, 1720, 12.4, 4, 0, 2, 0, 2, M, 121, M, 121, M, 121
TAHINICHOK ALASKA, RAWS, -163.567, 67.550, 966, 10.1, 10, 0, 6, 0, 6, M, 121, M, 121, M, 121
SISIAK ALASKA, RAWS, -160.396, 67.995, 1823, 6.6, 7, 0, 4, 0, 4, M, 121, M, 121, M, 121
BUCKLAND UPLANDS ALASKA, RAWS, -160.874, 65.908, 400, 11.9, 11, 0, 11, 0, 11, M, 121, M, 121, M, 121
OKLAHOMA ALASKA, RAWS, -146.252, 64.022, 1587, 13.9, 2, 0, 1, 0, 1, M, 121, M, 121, M, 121
PT. MAC ALASKA, RAWS, -150.091, 61.423, 200, 21.1, 2, 0, 1, 0, 1, M, 121, M, 121, M, 121
EAGLECREST BASE, COOP, -134.514, 58.276, 1134, 27.2, 0, 0, 0, 0, 0, 25.90, 0, 110.6, 0, 17.8, 0
JUNEAU-DOUGLAS WWTP, COOP, -134.385, 58.287, 41, M, 121, M, 121, M, 121, 22.72, 0, 54.7, 0, 2.9, 0
KETCHIKAN 10N, COOP, -131.818, 55.452, 295, 36.4, 0, 0, 0, 0, 0, 29.04, 0, 12.8, 0, 0.8, 0
CORDOVA 14 ESE, WBAN, -145.354, 60.473, 83, 31.8, 61, 0, 61, 0, 61, 18.44, 63, M, 121, M, 121
TOOLIK LAKE 5 ENE, WBAN, -149.399, 68.648, 800, 4.7, 0, 0, 0, 0, 0, M, 121, M, 121, M, 121
WASILLA 2.7 NW, CoCoRaHS, -149.523, 61.606, 493, M, 121, M, 121, M, 121, 3.93, 5, 19.4, 31, 5.1, 116
ANCHORAGE 2.6 SW, CoCoRaHS, -149.949, 61.190, 66, M, 121, M, 121, M, 121, 7.83, 97, M, 121, M, 121
BETHEL 87 WNW, WBAN, -164.077, 61.347, 153, 16.1, 27, 0, 27, 0, 27, 2.23, 1, M, 121, M, 121
